 数据来源：,汇总
        运行次数：,1000000
        免费次数：,0
        返奖率：,98.667200% [98667200/100000000]
        中奖次数：,99861,9.986100%
        中奖不回本次数：,0,0.000000%
        不中奖次数：,900139,90.013900%
        中奖1-3倍次数：,48369,4.836900%
        中奖3-5倍次数：,0,0.000000%
        中奖5倍以上次数：,51492,5.149200%
        是否溢出：,false,0
        ,
        ,
         数据来源：,ID:01-宝马-Odds:2x-pos:04-10-Bet:100
        运行次数：,99749
        免费次数：,0
        返奖率：,96.981423% [9673800/9974900]
        中奖次数：,48369,48.490712%
        中奖不回本次数：,0,0.000000%
        不中奖次数：,51380,51.509288%
        中奖1-3倍次数：,48369,48.490712%
        中奖3-5倍次数：,0,0.000000%
        中奖5倍以上次数：,0,0.000000%
        是否溢出：,false,0
        ,
        ,
         数据来源：,ID:02-奔驰-Odds:5x-pos:02-16-Bet:100
        运行次数：,100167
        免费次数：,0
        返奖率：,98.964729% [9913000/10016700]
        中奖次数：,19826,19.792946%
        中奖不回本次数：,0,0.000000%
        不中奖次数：,80341,80.207054%
        中奖1-3倍次数：,0,0.000000%
        中奖3-5倍次数：,0,0.000000%
        中奖5倍以上次数：,19826,19.792946%
        是否溢出：,false,0
        ,
        ,
         数据来源：,ID:03-保时捷-Odds:18x-pos:08-12-Bet:100
        运行次数：,100185
        免费次数：,0
        返奖率：,100.937266% [10112400/10018500]
        中奖次数：,5618,5.607626%
        中奖不回本次数：,0,0.000000%
        不中奖次数：,94567,94.392374%
        中奖1-3倍次数：,0,0.000000%
        中奖3-5倍次数：,0,0.000000%
        中奖5倍以上次数：,5618,5.607626%
        是否溢出：,false,0
        ,
        ,
         数据来源：,ID:04-法拉利-Odds:50x-pos:05-Bet:100
        运行次数：,99725
        免费次数：,0
        返奖率：,98.972173% [9870000/9972500]
        中奖次数：,1974,1.979443%
        中奖不回本次数：,0,0.000000%
        不中奖次数：,97751,98.020557%
        中奖1-3倍次数：,0,0.000000%
        中奖3-5倍次数：,0,0.000000%
        中奖5倍以上次数：,1974,1.979443%
        是否溢出：,false,0
        ,
        ,
         数据来源：,ID:05-宾利-Odds:88x-pos:09-Bet:100
        运行次数：,100199
        免费次数：,0
        返奖率：,95.378197% [9556800/10019900]
        中奖次数：,1086,1.083843%
        中奖不回本次数：,0,0.000000%
        不中奖次数：,99113,98.916157%
        中奖1-3倍次数：,0,0.000000%
        中奖3-5倍次数：,0,0.000000%
        中奖5倍以上次数：,1086,1.083843%
        是否溢出：,false,0
        ,
        ,
         数据来源：,ID:06-迈巴赫-Odds:20x-pos:07-14-Bet:100
        运行次数：,100161
        免费次数：,0
        返奖率：,97.822506% [9798000/10016100]
        中奖次数：,4899,4.891125%
        中奖不回本次数：,0,0.000000%
        不中奖次数：,95262,95.108875%
        中奖1-3倍次数：,0,0.000000%
        中奖3-5倍次数：,0,0.000000%
        中奖5倍以上次数：,4899,4.891125%
        是否溢出：,false,0
        ,
        ,
         数据来源：,ID:07-兰博基尼-Odds:30x-pos:06-11-Bet:100
        运行次数：,99981
        免费次数：,0
        返奖率：,101.179224% [10116000/9998100]
        中奖次数：,3372,3.372641%
        中奖不回本次数：,0,0.000000%
        不中奖次数：,96609,96.627359%
        中奖1-3倍次数：,0,0.000000%
        中奖3-5倍次数：,0,0.000000%
        中奖5倍以上次数：,3372,3.372641%
        是否溢出：,false,0
        ,
        ,
         数据来源：,ID:08-布加迪-Odds:100x-pos:01-Bet:100
        运行次数：,99783
        免费次数：,0
        返奖率：,94.404859% [9420000/9978300]
        中奖次数：,942,0.944049%
        中奖不回本次数：,0,0.000000%
        不中奖次数：,98841,99.055951%
        中奖1-3倍次数：,0,0.000000%
        中奖3-5倍次数：,0,0.000000%
        中奖5倍以上次数：,942,0.944049%
        是否溢出：,false,0
        ,
        ,
         数据来源：,ID:09-劳斯莱斯-Odds:66x-pos:13-Bet:100
        运行次数：,99742
        免费次数：,0
        返奖率：,104.814421% [10454400/9974200]
        中奖次数：,1584,1.588097%
        中奖不回本次数：,0,0.000000%
        不中奖次数：,98158,98.411903%
        中奖1-3倍次数：,0,0.000000%
        中奖3-5倍次数：,0,0.000000%
        中奖5倍以上次数：,1584,1.588097%
        是否溢出：,false,0
        ,
        ,
         数据来源：,ID:10-玛莎拉蒂-Odds:8x-pos:03-15-Bet:100
        运行次数：,100308
        免费次数：,0
        返奖率：,97.228536% [9752800/10030800]
        中奖次数：,12191,12.153567%
        中奖不回本次数：,0,0.000000%
        不中奖次数：,88117,87.846433%
        中奖1-3倍次数：,0,0.000000%
        中奖3-5倍次数：,0,0.000000%
        中奖5倍以上次数：,12191,12.153567%
        是否溢出：,false,0
        ,
        ,
        